{"cameraMode":{"drawMode":0,"name":"Shaded","section":"Shading Mode"},"sceneLighting":true,"audioPlay":false,"sceneViewState":{"m_AlwaysRefresh":false,"showFog":true,"showSkybox":true,"showFlares":true,"showImageEffects":true,"showParticleSystems":true,"showVisualEffectGraphs":true,"m_FxEnabled":true},"in2DMode":false,"pivot":{"x":-2.9147591590881349,"y":-5.74619197845459,"z":1.2127339839935303},"rotation":{"x":-0.36523082852363589,"y":0.48969516158103945,"z":-0.23673678934574128,"w":-0.7554881572723389},"size":10.593392372131348,"orthographic":false}