{"cameraMode":{"drawMode":0,"name":"Shaded","section":"Shading Mode"},"sceneLighting":true,"audioPlay":false,"sceneViewState":{"m_AlwaysRefresh":false,"showFog":true,"showSkybox":true,"showFlares":true,"showImageEffects":true,"showParticleSystems":true,"showVisualEffectGraphs":true,"m_FxEnabled":true},"in2DMode":false,"pivot":{"x":0.003500014543533325,"y":0.5695124864578247,"z":0.04044291377067566},"rotation":{"x":0.007809313479810953,"y":-0.008690403774380684,"z":0.00006480748561443761,"w":0.9999380111694336},"size":1.362355351448059,"orthographic":false}